{
  "a": 22.51266,
  "b": 22.51266,
  "c": 21.18793,

  "alpha": 90.00000,
  "beta": 90.00000,
  "gamma": 120.00000,

  "l": 2.65,
  "eps": 0.01,

  "O1": {
    "x": 0.11141,
    "y": 0.11141,
    "z": 0.18505
  },
  "O2": {
    "x": 0.22192,
    "y": 0.00000,
    "z": 0.18505
  },
  "O3": {
    "x": 0.00000,
    "y": 0.22192,
    "z": 0.18505
  },
  "O4": {
    "x": 0.22192,
    "y": 0.22192,
    "z": 0.01839
  },
  "O5": {
    "x": 0.11141,
    "y": 0.00000,
    "z": 0.01839
  },
  "O6": {
    "x": 0.00000,
    "y": 0.11141,
    "z": 0.01839
  },
  "O7": {
    "x": 0.22247,
    "y": 0.22247,
    "z": 0.14347
  },
  "O8": {
    "x": 0.11086,
    "y": 0.00000,
    "z": 0.14347
  },
  "O9": {
    "x": 0.00000,
    "y": 0.11086,
    "z": 0.14347
  },
  "O10": {
    "x": 0.11086,
    "y": 0.11086,
    "z": 0.31014
  },
  "O11": {
    "x": 0.22247,
    "y": 0.00000,
    "z": 0.31014
  },
  "O12": {
    "x": 0.00000,
    "y": 0.22247,
    "z": 0.31014
  }
}